ID_OREGANO:2129	REACTOME
PATHWAY:10	R-HSA-418990
PATHWAY:100	R-HSA-9614657
PATHWAY:1000	R-HSA-390650
PATHWAY:1001	R-HSA-912694
PATHWAY:1002	R-HSA-9758274
PATHWAY:1003	R-HSA-448424
PATHWAY:1004	R-HSA-5250971
PATHWAY:1005	R-HSA-3248023
PATHWAY:1006	R-HSA-3270619
PATHWAY:1007	R-HSA-390648
PATHWAY:1008	R-HSA-445095
PATHWAY:1009	R-HSA-5576892
PATHWAY:101	R-HSA-1268020
PATHWAY:1010	R-HSA-1362409
PATHWAY:1011	R-HSA-2395516
PATHWAY:1012	R-HSA-5579026
PATHWAY:1013	R-HSA-975577
PATHWAY:1014	R-HSA-211935
PATHWAY:1015	R-HSA-211979
PATHWAY:1016	R-HSA-2142691
PATHWAY:1017	R-HSA-5649702
PATHWAY:1018	R-HSA-1855204
PATHWAY:1019	R-HSA-399997
PATHWAY:102	R-HSA-5205685
PATHWAY:1020	R-HSA-9754560
PATHWAY:1021	R-HSA-1300645
PATHWAY:1022	R-HSA-196843
PATHWAY:1023	R-HSA-629594
PATHWAY:1024	R-HSA-629597
PATHWAY:1025	R-HSA-450385
PATHWAY:1026	R-HSA-450513
PATHWAY:1027	R-HSA-450604
PATHWAY:1028	R-HSA-1482883
PATHWAY:1029	R-HSA-426048
PATHWAY:103	R-HSA-1433559
PATHWAY:1030	R-HSA-351143
PATHWAY:1031	R-HSA-629587
PATHWAY:1032	R-HSA-211958
PATHWAY:1033	R-HSA-2142816
PATHWAY:1034	R-HSA-5579011
PATHWAY:1035	R-HSA-429593
PATHWAY:1036	R-HSA-5602636
PATHWAY:1037	R-HSA-5603027
PATHWAY:1038	R-HSA-5603029
PATHWAY:1039	R-HSA-5684264
PATHWAY:104	R-HSA-9706369
PATHWAY:1040	R-HSA-933542
PATHWAY:1041	R-HSA-933543
PATHWAY:1042	R-HSA-937039
PATHWAY:1043	R-HSA-975144
PATHWAY:1044	R-HSA-8981607
PATHWAY:1045	R-HSA-9022699
PATHWAY:1046	R-HSA-5666185
PATHWAY:1047	R-HSA-8964572
PATHWAY:1048	R-HSA-1483148
PATHWAY:1049	R-HSA-1834941
PATHWAY:105	R-HSA-983231
PATHWAY:1050	R-HSA-71288
PATHWAY:1051	R-HSA-169911
PATHWAY:1052	R-HSA-425393
PATHWAY:1053	R-HSA-1266695
PATHWAY:1054	R-HSA-982772
PATHWAY:1055	R-HSA-203641
PATHWAY:1056	R-HSA-187024
PATHWAY:1057	R-HSA-5619071
PATHWAY:1058	R-HSA-446199
PATHWAY:1059	R-HSA-4755609
PATHWAY:106	R-HSA-4085001
PATHWAY:1060	R-HSA-75109
PATHWAY:1061	R-HSA-177162
PATHWAY:1062	R-HSA-8963889
PATHWAY:1063	R-HSA-8963901
PATHWAY:1064	R-HSA-8849469
PATHWAY:1065	R-HSA-373752
PATHWAY:1066	R-HSA-1300642
PATHWAY:1067	R-HSA-165158
PATHWAY:1068	R-HSA-3000480
PATHWAY:1069	R-HSA-164939
PATHWAY:107	R-HSA-4085011
PATHWAY:1070	R-HSA-167590
PATHWAY:1071	R-HSA-182218
PATHWAY:1072	R-HSA-190873
PATHWAY:1073	R-HSA-196025
PATHWAY:1074	R-HSA-416993
PATHWAY:1075	R-HSA-5099900
PATHWAY:1076	R-HSA-5140745
PATHWAY:1077	R-HSA-264870
PATHWAY:1078	R-HSA-5223345
PATHWAY:1079	R-HSA-166665
PATHWAY:108	R-HSA-1296061
PATHWAY:1080	R-HSA-196836
PATHWAY:1081	R-HSA-9717207
PATHWAY:1082	R-HSA-9730628
PATHWAY:1083	R-HSA-192456
PATHWAY:1084	R-HSA-71240
PATHWAY:1085	R-HSA-196791
PATHWAY:1086	R-HSA-211916
PATHWAY:1087	R-HSA-5579027
PATHWAY:1088	R-HSA-5358493
PATHWAY:1089	R-HSA-168275
PATHWAY:109	R-HSA-418594
PATHWAY:1090	R-HSA-427975
PATHWAY:1091	R-HSA-209931
PATHWAY:1092	R-HSA-9700645
PATHWAY:1093	R-HSA-9733458
PATHWAY:1094	R-HSA-112122
PATHWAY:1095	R-HSA-8939242
PATHWAY:1096	R-HSA-6783783
PATHWAY:1097	R-HSA-425561
PATHWAY:1098	R-HSA-5619055
PATHWAY:1099	R-HSA-173107
PATHWAY:11	R-HSA-525793
PATHWAY:110	R-HSA-444821
PATHWAY:1100	R-HSA-2161541
PATHWAY:1101	R-HSA-71384
PATHWAY:1102	R-HSA-373076
PATHWAY:1103	R-HSA-5679001
PATHWAY:1104	R-HSA-6803211
PATHWAY:1105	R-HSA-446203
PATHWAY:1106	R-HSA-174403
PATHWAY:1107	R-HSA-5423646
PATHWAY:1108	R-HSA-844623
PATHWAY:1109	R-HSA-2485179
PATHWAY:111	R-HSA-196299
PATHWAY:1110	R-HSA-5689877
PATHWAY:1111	R-HSA-1483255
PATHWAY:1112	R-HSA-6799198
PATHWAY:1113	R-HSA-5579005
PATHWAY:1114	R-HSA-425366
PATHWAY:1115	R-HSA-6788467
PATHWAY:1116	R-HSA-447043
PATHWAY:1117	R-HSA-6782861
PATHWAY:1118	R-HSA-1474244
PATHWAY:1119	R-HSA-2022090
PATHWAY:112	R-HSA-4641262
PATHWAY:1120	R-HSA-216083
PATHWAY:1121	R-HSA-2214320
PATHWAY:1122	R-HSA-2243919
PATHWAY:1123	R-HSA-3000170
PATHWAY:1124	R-HSA-3000178
PATHWAY:1125	R-HSA-430116
PATHWAY:1126	R-HSA-75892
PATHWAY:1127	R-HSA-76009
PATHWAY:1128	R-HSA-8948216
PATHWAY:1129	R-HSA-5250958
PATHWAY:113	R-HSA-162791
PATHWAY:1130	R-HSA-186797
PATHWAY:1131	R-HSA-419037
PATHWAY:1132	R-HSA-446107
PATHWAY:1133	R-HSA-6793080
PATHWAY:1134	R-HSA-1296072
PATHWAY:1135	R-HSA-156581
PATHWAY:1136	R-HSA-379397
PATHWAY:1137	R-HSA-379398
PATHWAY:1138	R-HSA-425410
PATHWAY:1139	R-HSA-70350
PATHWAY:114	R-HSA-416482
PATHWAY:1140	R-HSA-1362277
PATHWAY:1141	R-HSA-1362300
PATHWAY:1142	R-HSA-69205
PATHWAY:1143	R-HSA-9729555
PATHWAY:1144	R-HSA-433692
PATHWAY:1145	R-HSA-196807
PATHWAY:1146	R-HSA-417973
PATHWAY:1147	R-HSA-111367
PATHWAY:1148	R-HSA-77588
PATHWAY:1149	R-HSA-375280
PATHWAY:115	R-HSA-5689880
PATHWAY:1150	R-HSA-189451
PATHWAY:1151	R-HSA-5619049
PATHWAY:1152	R-HSA-5619060
PATHWAY:1153	R-HSA-200425
PATHWAY:1154	R-HSA-5362517
PATHWAY:1155	R-HSA-174490
PATHWAY:1156	R-HSA-8877330
PATHWAY:1157	R-HSA-880009
PATHWAY:1158	R-HSA-418886
PATHWAY:1159	R-HSA-2206291
PATHWAY:116	R-HSA-166663
PATHWAY:1160	R-HSA-111931
PATHWAY:1161	R-HSA-199920
PATHWAY:1162	R-HSA-375165
PATHWAY:1163	R-HSA-442742
PATHWAY:1164	R-HSA-881907
PATHWAY:1165	R-HSA-9022692
PATHWAY:1166	R-HSA-9022702
PATHWAY:1167	R-HSA-9022707
PATHWAY:1168	R-HSA-450341
PATHWAY:1169	R-HSA-3134973
PATHWAY:117	R-HSA-174577
PATHWAY:1170	R-HSA-5621575
PATHWAY:1171	R-HSA-8939246
PATHWAY:1172	R-HSA-918233
PATHWAY:1173	R-HSA-9818027
PATHWAY:1174	R-HSA-9818028
PATHWAY:1175	R-HSA-5339716
PATHWAY:1176	R-HSA-5358747
PATHWAY:1177	R-HSA-5358749
PATHWAY:1178	R-HSA-5358751
PATHWAY:1179	R-HSA-5358752
PATHWAY:118	R-HSA-977606
PATHWAY:1180	R-HSA-5467337
PATHWAY:1181	R-HSA-5467340
PATHWAY:1182	R-HSA-5467348
PATHWAY:1183	R-HSA-8934903
PATHWAY:1184	R-HSA-422085
PATHWAY:1185	R-HSA-9680350
PATHWAY:1186	R-HSA-400511
PATHWAY:1187	R-HSA-170984
PATHWAY:1188	R-HSA-186763
PATHWAY:1189	R-HSA-372708
PATHWAY:119	R-HSA-8951664
PATHWAY:1190	R-HSA-8849471
PATHWAY:1191	R-HSA-8875555
PATHWAY:1192	R-HSA-8875656
PATHWAY:1193	R-HSA-912631
PATHWAY:1194	R-HSA-9027284
PATHWAY:1195	R-HSA-194138
PATHWAY:1196	R-HSA-9735869
PATHWAY:1197	R-HSA-173623
PATHWAY:1198	R-HSA-139910
PATHWAY:1199	R-HSA-3371571
PATHWAY:12	R-HSA-8957275
PATHWAY:120	R-HSA-983168
PATHWAY:1200	R-HSA-192814
PATHWAY:1201	R-HSA-2173795
PATHWAY:1202	R-HSA-5619097
PATHWAY:1203	R-HSA-77352
PATHWAY:1204	R-HSA-9683610
PATHWAY:1205	R-HSA-9694631
PATHWAY:1206	R-HSA-171007
PATHWAY:1207	R-HSA-198753
PATHWAY:1208	R-HSA-376172
PATHWAY:1209	R-HSA-432142
PATHWAY:121	R-HSA-140534
PATHWAY:1210	R-HSA-190377
PATHWAY:1211	R-HSA-449836
PATHWAY:1212	R-HSA-512988
PATHWAY:1213	R-HSA-912526
PATHWAY:1214	R-HSA-5688849
PATHWAY:1215	R-HSA-5688890
PATHWAY:1216	R-HSA-9674555
PATHWAY:1217	R-HSA-9705462
PATHWAY:1218	R-HSA-1170546
PATHWAY:1219	R-HSA-203927
PATHWAY:122	R-HSA-166016
PATHWAY:1220	R-HSA-180292
PATHWAY:1221	R-HSA-202427
PATHWAY:1222	R-HSA-389948
PATHWAY:1223	R-HSA-9754189
PATHWAY:1224	R-HSA-9823730
PATHWAY:1225	R-HSA-445144
PATHWAY:1226	R-HSA-390696
PATHWAY:1227	R-HSA-5660489
PATHWAY:1228	R-HSA-428643
PATHWAY:1229	R-HSA-1660499
PATHWAY:123	R-HSA-166166
PATHWAY:1230	R-HSA-5362798
PATHWAY:1231	R-HSA-5625970
PATHWAY:1232	R-HSA-1606341
PATHWAY:1233	R-HSA-3134975
PATHWAY:1234	R-HSA-168164
PATHWAY:1235	R-HSA-5602566
PATHWAY:1236	R-HSA-5602571
PATHWAY:1237	R-HSA-3769402
PATHWAY:1238	R-HSA-4641265
PATHWAY:1239	R-HSA-5339700
PATHWAY:124	R-HSA-2562578
PATHWAY:1240	R-HSA-9673163
PATHWAY:1241	R-HSA-9678110
PATHWAY:1242	R-HSA-9679509
PATHWAY:1243	R-HSA-9683686
PATHWAY:1244	R-HSA-9683701
PATHWAY:1245	R-HSA-9683683
PATHWAY:1246	R-HSA-9692912
PATHWAY:1247	R-HSA-9683612
PATHWAY:1248	R-HSA-9682708
PATHWAY:1249	R-HSA-9692914
PATHWAY:125	R-HSA-6807878
PATHWAY:1250	R-HSA-9682706
PATHWAY:1251	R-HSA-9683439
PATHWAY:1252	R-HSA-9684325
PATHWAY:1253	R-HSA-9020933
PATHWAY:1254	R-HSA-9764302
PATHWAY:1255	R-HSA-4411364
PATHWAY:1256	R-HSA-8876493
PATHWAY:1257	R-HSA-8951430
PATHWAY:1258	R-HSA-392023
PATHWAY:1259	R-HSA-9758881
PATHWAY:126	R-HSA-6811434
PATHWAY:1260	R-HSA-448706
PATHWAY:1261	R-HSA-9635465
PATHWAY:1262	R-HSA-1236977
PATHWAY:1263	R-HSA-73614
PATHWAY:1264	R-HSA-73621
PATHWAY:1265	R-HSA-388841
PATHWAY:1266	R-HSA-1307965
PATHWAY:1267	R-HSA-5654228
PATHWAY:1268	R-HSA-5654719
PATHWAY:1269	R-HSA-428559
PATHWAY:127	R-HSA-937041
PATHWAY:1270	R-HSA-5619041
PATHWAY:1271	R-HSA-1236973
PATHWAY:1272	R-HSA-1663150
PATHWAY:1273	R-HSA-936440
PATHWAY:1274	R-HSA-2142670
PATHWAY:1275	R-HSA-9018681
PATHWAY:1276	R-HSA-211957
PATHWAY:1277	R-HSA-9027307
PATHWAY:1278	R-HSA-5579000
PATHWAY:1279	R-HSA-211999
PATHWAY:128	R-HSA-937072
PATHWAY:1280	R-HSA-6806664
PATHWAY:1281	R-HSA-162585
PATHWAY:1282	R-HSA-162594
PATHWAY:1283	R-HSA-164516
PATHWAY:1284	R-HSA-164525
PATHWAY:1285	R-HSA-174495
PATHWAY:1286	R-HSA-175474
PATHWAY:1287	R-HSA-1462054
PATHWAY:1288	R-HSA-171286
PATHWAY:1289	R-HSA-111933
PATHWAY:129	R-HSA-975163
PATHWAY:1290	R-HSA-162599
PATHWAY:1291	R-HSA-164944
PATHWAY:1292	R-HSA-9757110
PATHWAY:1293	R-HSA-211994
PATHWAY:1294	R-HSA-194002
PATHWAY:1295	R-HSA-5579017
PATHWAY:1296	R-HSA-5579009
PATHWAY:1297	R-HSA-2142753
PATHWAY:1298	R-HSA-5579028
PATHWAY:1299	R-HSA-193144
PATHWAY:13	R-HSA-111447
PATHWAY:130	R-HSA-110362
PATHWAY:1300	R-HSA-5579030
PATHWAY:1301	R-HSA-9640463
PATHWAY:1302	R-HSA-5579021
PATHWAY:1303	R-HSA-5579010
PATHWAY:1304	R-HSA-5578996
PATHWAY:1305	R-HSA-5579014
PATHWAY:1306	R-HSA-8866376
PATHWAY:1307	R-HSA-70268
PATHWAY:1308	R-HSA-5083628
PATHWAY:1309	R-HSA-418889
PATHWAY:131	R-HSA-5685939
PATHWAY:1310	R-HSA-2408522
PATHWAY:1311	R-HSA-9670613
PATHWAY:1312	R-HSA-9670615
PATHWAY:1313	R-HSA-5658623
PATHWAY:1314	R-HSA-6802953
PATHWAY:1315	R-HSA-209905
PATHWAY:1316	R-HSA-418885
PATHWAY:1317	R-HSA-418890
PATHWAY:1318	R-HSA-428542
PATHWAY:1319	R-HSA-77288
PATHWAY:132	R-HSA-5696394
PATHWAY:1320	R-HSA-419408
PATHWAY:1321	R-HSA-5662702
PATHWAY:1322	R-HSA-381183
PATHWAY:1323	R-HSA-879415
PATHWAY:1324	R-HSA-391903
PATHWAY:1325	R-HSA-9694686
PATHWAY:1326	R-HSA-3134963
PATHWAY:1327	R-HSA-3359475
PATHWAY:1328	R-HSA-3359478
PATHWAY:1329	R-HSA-71032
PATHWAY:133	R-HSA-5696395
PATHWAY:1330	R-HSA-9759218
PATHWAY:1331	R-HSA-390522
PATHWAY:1332	R-HSA-173736
PATHWAY:1333	R-HSA-140342
PATHWAY:1334	R-HSA-111457
PATHWAY:1335	R-HSA-435368
PATHWAY:1336	R-HSA-112314
PATHWAY:1337	R-HSA-1474151
PATHWAY:1338	R-HSA-500753
PATHWAY:1339	R-HSA-204626
PATHWAY:134	R-HSA-5696400
PATHWAY:1340	R-HSA-350864
PATHWAY:1341	R-HSA-204174
PATHWAY:1342	R-HSA-6783984
PATHWAY:1343	R-HSA-438066
PATHWAY:1344	R-HSA-442982
PATHWAY:1345	R-HSA-447038
PATHWAY:1346	R-HSA-451308
PATHWAY:1347	R-HSA-9617324
PATHWAY:1348	R-HSA-9620244
PATHWAY:1349	R-HSA-6798163
PATHWAY:135	R-HSA-1912408
PATHWAY:1350	R-HSA-9690406
PATHWAY:1351	R-HSA-70221
PATHWAY:1352	R-HSA-9032759
PATHWAY:1353	R-HSA-4549356
PATHWAY:1354	R-HSA-916853
PATHWAY:1355	R-HSA-5619085
PATHWAY:1356	R-HSA-390651
PATHWAY:1357	R-HSA-3560792
PATHWAY:1358	R-HSA-179812
PATHWAY:1359	R-HSA-180336
PATHWAY:136	R-HSA-210744
PATHWAY:1360	R-HSA-212718
PATHWAY:1361	R-HSA-2179392
PATHWAY:1362	R-HSA-5336415
PATHWAY:1363	R-HSA-5638303
PATHWAY:1364	R-HSA-202670
PATHWAY:1365	R-HSA-4086400
PATHWAY:1366	R-HSA-5368598
PATHWAY:1367	R-HSA-111448
PATHWAY:1368	R-HSA-113501
PATHWAY:1369	R-HSA-139915
PATHWAY:137	R-HSA-2197563
PATHWAY:1370	R-HSA-77310
PATHWAY:1371	R-HSA-77346
PATHWAY:1372	R-HSA-77348
PATHWAY:1373	R-HSA-77350
PATHWAY:1374	R-HSA-5682113
PATHWAY:1375	R-HSA-8963896
PATHWAY:1376	R-HSA-1614635
PATHWAY:1377	R-HSA-5578997
PATHWAY:1378	R-HSA-156842
PATHWAY:1379	R-HSA-5624138
PATHWAY:138	R-HSA-8941856
PATHWAY:1380	R-HSA-426486
PATHWAY:1381	R-HSA-426496
PATHWAY:1382	R-HSA-8943723
PATHWAY:1383	R-HSA-8948700
PATHWAY:1384	R-HSA-8986944
PATHWAY:1385	R-HSA-9768778
PATHWAY:1386	R-HSA-2682334
PATHWAY:1387	R-HSA-1251932
PATHWAY:1388	R-HSA-381042
PATHWAY:1389	R-HSA-72731
PATHWAY:139	R-HSA-9013508
PATHWAY:1390	R-HSA-141334
PATHWAY:1391	R-HSA-351200
PATHWAY:1392	R-HSA-6787639
PATHWAY:1393	R-HSA-72662
PATHWAY:1394	R-HSA-450520
PATHWAY:1395	R-HSA-8939245
PATHWAY:1396	R-HSA-8939247
PATHWAY:1397	R-HSA-5633231
PATHWAY:1398	R-HSA-140837
PATHWAY:1399	R-HSA-5221030
PATHWAY:14	R-HSA-1257604
PATHWAY:140	R-HSA-9013695
PATHWAY:1400	R-HSA-1660514
PATHWAY:1401	R-HSA-1660516
PATHWAY:1402	R-HSA-1660517
PATHWAY:1403	R-HSA-8931987
PATHWAY:1404	R-HSA-5624958
PATHWAY:1405	R-HSA-977443
PATHWAY:1406	R-HSA-2980766
PATHWAY:1407	R-HSA-2995383
PATHWAY:1408	R-HSA-4419969
PATHWAY:1409	R-HSA-8983711
PATHWAY:141	R-HSA-9793380
PATHWAY:1410	R-HSA-9636667
PATHWAY:1411	R-HSA-83936
PATHWAY:1412	R-HSA-6811555
PATHWAY:1413	R-HSA-8951936
PATHWAY:1414	R-HSA-9701898
PATHWAY:1415	R-HSA-1234174
PATHWAY:1416	R-HSA-452723
PATHWAY:1417	R-HSA-8849473
PATHWAY:1418	R-HSA-9664873
PATHWAY:1419	R-HSA-2892247
PATHWAY:142	R-HSA-5673001
PATHWAY:1420	R-HSA-9018682
PATHWAY:1421	R-HSA-3065679
PATHWAY:1422	R-HSA-9006335
PATHWAY:1423	R-HSA-9027276
PATHWAY:1424	R-HSA-9027277
PATHWAY:1425	R-HSA-9027283
PATHWAY:1426	R-HSA-1306955
PATHWAY:1427	R-HSA-165160
PATHWAY:1428	R-HSA-165181
PATHWAY:1429	R-HSA-381070
PATHWAY:143	R-HSA-8851805
PATHWAY:1430	R-HSA-8939256
PATHWAY:1431	R-HSA-5683678
PATHWAY:1432	R-HSA-5688399
PATHWAY:1433	R-HSA-9673768
PATHWAY:1434	R-HSA-2168880
PATHWAY:1435	R-HSA-9793528
PATHWAY:1436	R-HSA-159740
PATHWAY:1437	R-HSA-159763
PATHWAY:1438	R-HSA-159782
PATHWAY:1439	R-HSA-9657688
PATHWAY:144	R-HSA-3371453
PATHWAY:1440	R-HSA-9672391
PATHWAY:1441	R-HSA-2046105
PATHWAY:1442	R-HSA-5684045
PATHWAY:1443	R-HSA-140834
PATHWAY:1444	R-HSA-163841
PATHWAY:1445	R-HSA-9672383
PATHWAY:1446	R-HSA-9672387
PATHWAY:1447	R-HSA-9672393
PATHWAY:1448	R-HSA-9672395
PATHWAY:1449	R-HSA-9672396
PATHWAY:145	R-HSA-351906
PATHWAY:1450	R-HSA-9672397
PATHWAY:1451	R-HSA-9673202
PATHWAY:1452	R-HSA-9674519
PATHWAY:1453	R-HSA-9673218
PATHWAY:1454	R-HSA-9673221
PATHWAY:1455	R-HSA-9673240
PATHWAY:1456	R-HSA-9657689
PATHWAY:1457	R-HSA-380612
PATHWAY:1458	R-HSA-434313
PATHWAY:1459	R-HSA-8963684
PATHWAY:146	R-HSA-8935964
PATHWAY:1460	R-HSA-9020558
PATHWAY:1461	R-HSA-199220
PATHWAY:1462	R-HSA-9033500
PATHWAY:1463	R-HSA-2173789
PATHWAY:1464	R-HSA-2454202
PATHWAY:1465	R-HSA-2730905
PATHWAY:1466	R-HSA-2029481
PATHWAY:1467	R-HSA-73843
PATHWAY:1468	R-HSA-373756
PATHWAY:1469	R-HSA-2466712
PATHWAY:147	R-HSA-2299718
PATHWAY:1470	R-HSA-420499
PATHWAY:1471	R-HSA-210745
PATHWAY:1472	R-HSA-71262
PATHWAY:1473	R-HSA-354194
PATHWAY:1474	R-HSA-1839122
PATHWAY:1475	R-HSA-1839130
PATHWAY:1476	R-HSA-190322
PATHWAY:1477	R-HSA-190370
PATHWAY:1478	R-HSA-190371
PATHWAY:1479	R-HSA-190372
PATHWAY:148	R-HSA-2514853
PATHWAY:1480	R-HSA-190373
PATHWAY:1481	R-HSA-190375
PATHWAY:1482	R-HSA-2033519
PATHWAY:1483	R-HSA-5654219
PATHWAY:1484	R-HSA-5654221
PATHWAY:1485	R-HSA-5654227
PATHWAY:1486	R-HSA-5654687
PATHWAY:1487	R-HSA-5654688
PATHWAY:1488	R-HSA-5654699
PATHWAY:1489	R-HSA-5654704
PATHWAY:149	R-HSA-112303
PATHWAY:1490	R-HSA-8851708
PATHWAY:1491	R-HSA-9761174
PATHWAY:1492	R-HSA-210747
PATHWAY:1493	R-HSA-1839120
PATHWAY:1494	R-HSA-190374
PATHWAY:1495	R-HSA-9758919
PATHWAY:1496	R-HSA-2033515
PATHWAY:1497	R-HSA-8853334
PATHWAY:1498	R-HSA-2023837
PATHWAY:1499	R-HSA-8853333
PATHWAY:15	R-HSA-1358803
PATHWAY:150	R-HSA-190861
PATHWAY:1500	R-HSA-1839128
PATHWAY:1501	R-HSA-194313
PATHWAY:1502	R-HSA-195399
PATHWAY:1503	R-HSA-2025928
PATHWAY:1504	R-HSA-2173791
PATHWAY:1505	R-HSA-3656535
PATHWAY:1506	R-HSA-5673000
PATHWAY:1507	R-HSA-9726840
PATHWAY:1508	R-HSA-9726842
PATHWAY:1509	R-HSA-8854521
PATHWAY:151	R-HSA-8941326
PATHWAY:1510	R-HSA-4755583
PATHWAY:1511	R-HSA-844455
PATHWAY:1512	R-HSA-5657560
PATHWAY:1513	R-HSA-111458
PATHWAY:1514	R-HSA-9627069
PATHWAY:1515	R-HSA-9013419
PATHWAY:1516	R-HSA-9013425
PATHWAY:1517	R-HSA-1483248
PATHWAY:1518	R-HSA-167242
PATHWAY:1519	R-HSA-6803529
PATHWAY:152	R-HSA-141444
PATHWAY:1520	R-HSA-5676934
PATHWAY:1521	R-HSA-381033
PATHWAY:1522	R-HSA-5659996
PATHWAY:1523	R-HSA-6791461
PATHWAY:1524	R-HSA-71336
PATHWAY:1525	R-HSA-9758920
PATHWAY:1526	R-HSA-9762293
PATHWAY:1527	R-HSA-5339717
PATHWAY:1528	R-HSA-2142700
PATHWAY:1529	R-HSA-139853
PATHWAY:153	R-HSA-2467813
PATHWAY:1530	R-HSA-418346
PATHWAY:1531	R-HSA-5250955
PATHWAY:1532	R-HSA-5250968
PATHWAY:1533	R-HSA-5250981
PATHWAY:1534	R-HSA-5652227
PATHWAY:1535	R-HSA-3000497
PATHWAY:1536	R-HSA-173599
PATHWAY:1537	R-HSA-5579020
PATHWAY:1538	R-HSA-532668
PATHWAY:1539	R-HSA-901042
PATHWAY:154	R-HSA-2500257
PATHWAY:1540	R-HSA-194306
PATHWAY:1541	R-HSA-9645135
PATHWAY:1542	R-HSA-9702509
PATHWAY:1543	R-HSA-9702569
PATHWAY:1544	R-HSA-9702577
PATHWAY:1545	R-HSA-9702581
PATHWAY:1546	R-HSA-9702590
PATHWAY:1547	R-HSA-9702596
PATHWAY:1548	R-HSA-9702600
PATHWAY:1549	R-HSA-9702605
PATHWAY:155	R-HSA-5663220
PATHWAY:1550	R-HSA-9702614
PATHWAY:1551	R-HSA-9702620
PATHWAY:1552	R-HSA-9702624
PATHWAY:1553	R-HSA-9702632
PATHWAY:1554	R-HSA-9702636
PATHWAY:1555	R-HSA-9702998
PATHWAY:1556	R-HSA-9703009
PATHWAY:1557	R-HSA-9703648
PATHWAY:1558	R-HSA-9706374
PATHWAY:1559	R-HSA-9706377
PATHWAY:156	R-HSA-606279
PATHWAY:1560	R-HSA-434316
PATHWAY:1561	R-HSA-217271
PATHWAY:1562	R-HSA-5579019
PATHWAY:1563	R-HSA-8853383
PATHWAY:1564	R-HSA-428543
PATHWAY:1565	R-HSA-425381
PATHWAY:1566	R-HSA-193692
PATHWAY:1567	R-HSA-205043
PATHWAY:1568	R-HSA-9017802
PATHWAY:1569	R-HSA-9708296
PATHWAY:157	R-HSA-6783310
PATHWAY:1570	R-HSA-5619083
PATHWAY:1571	R-HSA-9694301
PATHWAY:1572	R-HSA-1912399
PATHWAY:1573	R-HSA-442380
PATHWAY:1574	R-HSA-2559584
PATHWAY:1575	R-HSA-162710
PATHWAY:1576	R-HSA-444473
PATHWAY:1577	R-HSA-110357
PATHWAY:1578	R-HSA-168928
PATHWAY:1579	R-HSA-113507
PATHWAY:158	R-HSA-68877
PATHWAY:1580	R-HSA-68689
PATHWAY:1581	R-HSA-373753
PATHWAY:1582	R-HSA-68952
PATHWAY:1583	R-HSA-420597
PATHWAY:1584	R-HSA-1483196
PATHWAY:1585	R-HSA-376176
PATHWAY:1586	R-HSA-9717264
PATHWAY:1587	R-HSA-9717301
PATHWAY:1588	R-HSA-9717316
PATHWAY:1589	R-HSA-9717319
PATHWAY:159	R-HSA-9648025
PATHWAY:1590	R-HSA-9717323
PATHWAY:1591	R-HSA-9717326
PATHWAY:1592	R-HSA-9717329
PATHWAY:1593	R-HSA-2142696
PATHWAY:1594	R-HSA-2142712
PATHWAY:1595	R-HSA-9018677
PATHWAY:1596	R-HSA-9025106
PATHWAY:1597	R-HSA-9026290
PATHWAY:1598	R-HSA-2142688
PATHWAY:1599	R-HSA-9018676
PATHWAY:16	R-HSA-198323
PATHWAY:160	R-HSA-1632852
PATHWAY:1600	R-HSA-9018896
PATHWAY:1601	R-HSA-9020265
PATHWAY:1602	R-HSA-9023661
PATHWAY:1603	R-HSA-9026286
PATHWAY:1604	R-HSA-9026403
PATHWAY:1605	R-HSA-9027604
PATHWAY:1606	R-HSA-5250982
PATHWAY:1607	R-HSA-2142770
PATHWAY:1608	R-HSA-5619076
PATHWAY:1609	R-HSA-8935690
PATHWAY:161	R-HSA-5620971
PATHWAY:1610	R-HSA-9033807
PATHWAY:1611	R-HSA-202433
PATHWAY:1612	R-HSA-210990
PATHWAY:1613	R-HSA-389356
PATHWAY:1614	R-HSA-389359
PATHWAY:1615	R-HSA-9032500
PATHWAY:1616	R-HSA-9670439
PATHWAY:1617	R-HSA-1855191
PATHWAY:1618	R-HSA-1482798
PATHWAY:1619	R-HSA-3274531
PATHWAY:162	R-HSA-917729
PATHWAY:1620	R-HSA-3229133
PATHWAY:1621	R-HSA-5357609
PATHWAY:1622	R-HSA-8851907
PATHWAY:1623	R-HSA-8865999
PATHWAY:1624	R-HSA-9028335
PATHWAY:1625	R-HSA-977444
PATHWAY:1626	R-HSA-480985
PATHWAY:1627	R-HSA-888568
PATHWAY:1628	R-HSA-9022927
PATHWAY:1629	R-HSA-167044
PATHWAY:163	R-HSA-9610379
PATHWAY:1630	R-HSA-5609977
PATHWAY:1631	R-HSA-70370
PATHWAY:1632	R-HSA-6787450
PATHWAY:1633	R-HSA-5609976
PATHWAY:1634	R-HSA-2206290
PATHWAY:1635	R-HSA-110320
PATHWAY:1636	R-HSA-5609978
PATHWAY:1637	R-HSA-9603505
PATHWAY:1638	R-HSA-8964208
PATHWAY:1639	R-HSA-8956319
PATHWAY:164	R-HSA-9668328
PATHWAY:1640	R-HSA-9022538
PATHWAY:1641	R-HSA-2586552
PATHWAY:1642	R-HSA-3359473
PATHWAY:1643	R-HSA-3359474
PATHWAY:1644	R-HSA-75896
PATHWAY:1645	R-HSA-162658
PATHWAY:1646	R-HSA-8964026
PATHWAY:1647	R-HSA-9758890
PATHWAY:1648	R-HSA-5682294
PATHWAY:1649	R-HSA-5632681
PATHWAY:165	R-HSA-9679504
PATHWAY:1650	R-HSA-202430
PATHWAY:1651	R-HSA-351202
PATHWAY:1652	R-HSA-433137
PATHWAY:1653	R-HSA-176417
PATHWAY:1654	R-HSA-68881
PATHWAY:1655	R-HSA-3322077
PATHWAY:1656	R-HSA-3878781
PATHWAY:1657	R-HSA-5619073
PATHWAY:1658	R-HSA-5619035
PATHWAY:1659	R-HSA-9014826
PATHWAY:166	R-HSA-9694676
PATHWAY:1660	R-HSA-4085023
PATHWAY:1661	R-HSA-446210
PATHWAY:1662	R-HSA-5579022
PATHWAY:1663	R-HSA-9035968
PATHWAY:1664	R-HSA-4793953
PATHWAY:1665	R-HSA-5653890
PATHWAY:1666	R-HSA-5578998
PATHWAY:1667	R-HSA-3359457
PATHWAY:1668	R-HSA-3359462
PATHWAY:1669	R-HSA-3359463
PATHWAY:167	R-HSA-6803157
PATHWAY:1670	R-HSA-190704
PATHWAY:1671	R-HSA-190827
PATHWAY:1672	R-HSA-191650
PATHWAY:1673	R-HSA-9705677
PATHWAY:1674	R-HSA-205025
PATHWAY:1675	R-HSA-190872
PATHWAY:1676	R-HSA-71737
PATHWAY:1677	R-HSA-1855183
PATHWAY:1678	R-HSA-1483206
PATHWAY:1679	R-HSA-112310
PATHWAY:168	R-HSA-74259
PATHWAY:1680	R-HSA-8964539
PATHWAY:1681	R-HSA-3296197
PATHWAY:1682	R-HSA-2206308
PATHWAY:1683	R-HSA-4341670
PATHWAY:1684	R-HSA-5578999
PATHWAY:1685	R-HSA-444257
PATHWAY:1686	R-HSA-5635851
PATHWAY:1687	R-HSA-8941284
PATHWAY:1688	R-HSA-210455
PATHWAY:1689	R-HSA-2206305
PATHWAY:169	R-HSA-913709
PATHWAY:1690	R-HSA-1237112
PATHWAY:1691	R-HSA-5619058
PATHWAY:1692	R-HSA-432047
PATHWAY:1693	R-HSA-5619036
PATHWAY:1694	R-HSA-390918
PATHWAY:1695	R-HSA-210993
PATHWAY:1696	R-HSA-8866904
PATHWAY:1697	R-HSA-3000471
PATHWAY:1698	R-HSA-4641263
PATHWAY:1699	R-HSA-5619052
PATHWAY:17	R-HSA-198693
PATHWAY:170	R-HSA-2424491
PATHWAY:1700	R-HSA-444209
PATHWAY:1701	R-HSA-9022537
PATHWAY:1702	R-HSA-8964540
PATHWAY:1703	R-HSA-112412
PATHWAY:1704	R-HSA-2428933
PATHWAY:1705	R-HSA-74749
PATHWAY:1706	R-HSA-74751
PATHWAY:1707	R-HSA-8983432
PATHWAY:1708	R-HSA-9026519
PATHWAY:1709	R-HSA-9034864
PATHWAY:171	R-HSA-2514859
PATHWAY:1710	R-HSA-9673767
PATHWAY:1711	R-HSA-9673770
PATHWAY:1712	R-HSA-74713
PATHWAY:1713	R-HSA-399710
PATHWAY:1714	R-HSA-451307
PATHWAY:1715	R-HSA-9768777
PATHWAY:1716	R-HSA-180897
PATHWAY:1717	R-HSA-844615
PATHWAY:1718	R-HSA-3249367
PATHWAY:1719	R-HSA-168277
PATHWAY:172	R-HSA-9648002
PATHWAY:1720	R-HSA-2408550
PATHWAY:1721	R-HSA-5579006
PATHWAY:1722	R-HSA-9026762
PATHWAY:1723	R-HSA-5632928
PATHWAY:1724	R-HSA-5632968
PATHWAY:1725	R-HSA-392154
PATHWAY:1726	R-HSA-446388
PATHWAY:1727	R-HSA-8942233
PATHWAY:1728	R-HSA-8963678
PATHWAY:1729	R-HSA-2206292
PATHWAY:173	R-HSA-9679191
PATHWAY:1730	R-HSA-3785653
PATHWAY:1731	R-HSA-3814836
PATHWAY:1732	R-HSA-3828062
PATHWAY:1733	R-HSA-446205
PATHWAY:1734	R-HSA-4724289
PATHWAY:1735	R-HSA-3858516
PATHWAY:1736	R-HSA-75108
PATHWAY:1737	R-HSA-5655799
PATHWAY:1738	R-HSA-75205
PATHWAY:1739	R-HSA-6785470
PATHWAY:174	R-HSA-164940
PATHWAY:1740	R-HSA-8868766
PATHWAY:1741	R-HSA-77285
PATHWAY:1742	R-HSA-77305
PATHWAY:1743	R-HSA-1237044
PATHWAY:1744	R-HSA-1247673
PATHWAY:1745	R-HSA-8964011
PATHWAY:1746	R-HSA-3656234
PATHWAY:1747	R-HSA-3656248
PATHWAY:1748	R-HSA-5576894
PATHWAY:1749	R-HSA-8875513
PATHWAY:175	R-HSA-2132295
PATHWAY:1750	R-HSA-8875791
PATHWAY:1751	R-HSA-9734091
PATHWAY:1752	R-HSA-168138
PATHWAY:1753	R-HSA-5619056
PATHWAY:1754	R-HSA-196780
PATHWAY:1755	R-HSA-3371599
PATHWAY:1756	R-HSA-77111
PATHWAY:1757	R-HSA-964975
PATHWAY:1758	R-HSA-9707587
PATHWAY:1759	R-HSA-111459
PATHWAY:176	R-HSA-432720
PATHWAY:1760	R-HSA-111463
PATHWAY:1761	R-HSA-111464
PATHWAY:1762	R-HSA-6803207
PATHWAY:1763	R-HSA-5467333
PATHWAY:1764	R-HSA-9734281
PATHWAY:1765	R-HSA-9634635
PATHWAY:1766	R-HSA-9753510
PATHWAY:1767	R-HSA-9753512
PATHWAY:1768	R-HSA-3359471
PATHWAY:1769	R-HSA-110373
PATHWAY:177	R-HSA-432722
PATHWAY:1770	R-HSA-73930
PATHWAY:1771	R-HSA-73933
PATHWAY:1772	R-HSA-168330
PATHWAY:1773	R-HSA-8874177
PATHWAY:1774	R-HSA-111469
PATHWAY:1775	R-HSA-8948747
PATHWAY:1776	R-HSA-192905
PATHWAY:1777	R-HSA-8869496
PATHWAY:1778	R-HSA-8963888
PATHWAY:1779	R-HSA-390666
PATHWAY:178	R-HSA-2559580
PATHWAY:1780	R-HSA-2206280
PATHWAY:1781	R-HSA-8866423
PATHWAY:1782	R-HSA-8964046
PATHWAY:1783	R-HSA-6799990
PATHWAY:1784	R-HSA-1299344
PATHWAY:1785	R-HSA-5619044
PATHWAY:1786	R-HSA-5659735
PATHWAY:1787	R-HSA-5579004
PATHWAY:1788	R-HSA-2978092
PATHWAY:1789	R-HSA-389542
PATHWAY:179	R-HSA-3108214
PATHWAY:1790	R-HSA-9818025
PATHWAY:1791	R-HSA-2206296
PATHWAY:1792	R-HSA-2206302
PATHWAY:1793	R-HSA-877312
PATHWAY:1794	R-HSA-9732724
PATHWAY:1795	R-HSA-2404192
PATHWAY:1796	R-HSA-2428928
PATHWAY:1797	R-HSA-8864260
PATHWAY:1798	R-HSA-5619079
PATHWAY:1799	R-HSA-5659729
PATHWAY:18	R-HSA-199418
PATHWAY:180	R-HSA-3899300
PATHWAY:1800	R-HSA-9734195
PATHWAY:1801	R-HSA-5658034
PATHWAY:1802	R-HSA-3371378
PATHWAY:1803	R-HSA-5218900
PATHWAY:1804	R-HSA-69416
PATHWAY:1805	R-HSA-75157
PATHWAY:1806	R-HSA-209543
PATHWAY:1807	R-HSA-209560
PATHWAY:1808	R-HSA-9014843
PATHWAY:1809	R-HSA-8985947
PATHWAY:181	R-HSA-4551638
PATHWAY:1810	R-HSA-9020958
PATHWAY:1811	R-HSA-1059683
PATHWAY:1812	R-HSA-110056
PATHWAY:1813	R-HSA-112411
PATHWAY:1814	R-HSA-9020591
PATHWAY:1815	R-HSA-446343
PATHWAY:1816	R-HSA-74752
PATHWAY:1817	R-HSA-432030
PATHWAY:1818	R-HSA-210746
PATHWAY:1819	R-HSA-975110
PATHWAY:182	R-HSA-4570464
PATHWAY:1820	R-HSA-975138
PATHWAY:1821	R-HSA-975155
PATHWAY:1822	R-HSA-975871
PATHWAY:1823	R-HSA-112399
PATHWAY:1824	R-HSA-198203
PATHWAY:1825	R-HSA-9603381
PATHWAY:1826	R-HSA-8949275
PATHWAY:1827	R-HSA-5690338
PATHWAY:1828	R-HSA-199992
PATHWAY:1829	R-HSA-1296067
PATHWAY:183	R-HSA-4655427
PATHWAY:1830	R-HSA-1296053
PATHWAY:1831	R-HSA-5683177
PATHWAY:1832	R-HSA-1299503
PATHWAY:1833	R-HSA-1299316
PATHWAY:1834	R-HSA-9667769
PATHWAY:1835	R-HSA-8850843
PATHWAY:1836	R-HSA-5657562
PATHWAY:1837	R-HSA-77108
PATHWAY:1838	R-HSA-9669914
PATHWAY:1839	R-HSA-9669917
PATHWAY:184	R-HSA-8939243
PATHWAY:1840	R-HSA-9669921
PATHWAY:1841	R-HSA-9669924
PATHWAY:1842	R-HSA-9669926
PATHWAY:1843	R-HSA-9669929
PATHWAY:1844	R-HSA-9669933
PATHWAY:1845	R-HSA-9669934
PATHWAY:1846	R-HSA-9669935
PATHWAY:1847	R-HSA-9669936
PATHWAY:1848	R-HSA-9680187
PATHWAY:1849	R-HSA-9636249
PATHWAY:185	R-HSA-8953750
PATHWAY:1850	R-HSA-193634
PATHWAY:1851	R-HSA-209563
PATHWAY:1852	R-HSA-8985586
PATHWAY:1853	R-HSA-166020
PATHWAY:1854	R-HSA-5659898
PATHWAY:1855	R-HSA-5083630
PATHWAY:1856	R-HSA-8941333
PATHWAY:1857	R-HSA-451927
PATHWAY:1858	R-HSA-110381
PATHWAY:1859	R-HSA-948021
PATHWAY:186	R-HSA-2672351
PATHWAY:1860	R-HSA-352238
PATHWAY:1861	R-HSA-8941413
PATHWAY:1862	R-HSA-5340588
PATHWAY:1863	R-HSA-9026766
PATHWAY:1864	R-HSA-1222449
PATHWAY:1865	R-HSA-5690714
PATHWAY:1866	R-HSA-141405
PATHWAY:1867	R-HSA-3304356
PATHWAY:1868	R-HSA-3311021
PATHWAY:1869	R-HSA-3315487
PATHWAY:187	R-HSA-6781823
PATHWAY:1870	R-HSA-3656532
PATHWAY:1871	R-HSA-2206285
PATHWAY:1872	R-HSA-141333
PATHWAY:1873	R-HSA-379401
PATHWAY:1874	R-HSA-5579012
PATHWAY:1875	R-HSA-5579024
PATHWAY:1876	R-HSA-5579031
PATHWAY:1877	R-HSA-176974
PATHWAY:1878	R-HSA-69052
PATHWAY:1879	R-HSA-9022534
PATHWAY:188	R-HSA-6781827
PATHWAY:1880	R-HSA-9022535
PATHWAY:1881	R-HSA-964739
PATHWAY:1882	R-HSA-4793952
PATHWAY:1883	R-HSA-975574
PATHWAY:1884	R-HSA-5657655
PATHWAY:1885	R-HSA-5545483
PATHWAY:1886	R-HSA-5632987
PATHWAY:1887	R-HSA-112311
PATHWAY:1888	R-HSA-4043916
PATHWAY:1889	R-HSA-9637628
PATHWAY:189	R-HSA-6782135
PATHWAY:1890	R-HSA-9694322
PATHWAY:1891	R-HSA-9694635
PATHWAY:1892	R-HSA-9694493
PATHWAY:1893	R-HSA-9694594
PATHWAY:1894	R-HSA-9727281
PATHWAY:1895	R-HSA-9694786
PATHWAY:1896	R-HSA-9694271
PATHWAY:1897	R-HSA-4551295
PATHWAY:1898	R-HSA-5632927
PATHWAY:1899	R-HSA-5661231
PATHWAY:19	R-HSA-211163
PATHWAY:190	R-HSA-6782210
PATHWAY:1900	R-HSA-1222538
PATHWAY:1901	R-HSA-9635644
PATHWAY:1902	R-HSA-1222541
PATHWAY:1903	R-HSA-1222387
PATHWAY:1904	R-HSA-9639775
PATHWAY:1905	R-HSA-9636467
PATHWAY:1906	R-HSA-3359467
PATHWAY:1907	R-HSA-3359469
PATHWAY:1908	R-HSA-9608287
PATHWAY:1909	R-HSA-9608290
PATHWAY:191	R-HSA-72163
PATHWAY:1910	R-HSA-9818749
PATHWAY:1911	R-HSA-5602680
PATHWAY:1912	R-HSA-5603037
PATHWAY:1913	R-HSA-2206282
PATHWAY:1914	R-HSA-6803544
PATHWAY:1915	R-HSA-167021
PATHWAY:1916	R-HSA-167060
PATHWAY:1917	R-HSA-187042
PATHWAY:1918	R-HSA-187706
PATHWAY:1919	R-HSA-193681
PATHWAY:192	R-HSA-3065676
PATHWAY:1920	R-HSA-198745
PATHWAY:1921	R-HSA-205017
PATHWAY:1922	R-HSA-203754
PATHWAY:1923	R-HSA-2644607
PATHWAY:1924	R-HSA-9735763
PATHWAY:1925	R-HSA-418359
PATHWAY:1926	R-HSA-5619048
PATHWAY:1927	R-HSA-9025046
PATHWAY:1928	R-HSA-9034013
PATHWAY:1929	R-HSA-9034015
PATHWAY:193	R-HSA-3065678
PATHWAY:1930	R-HSA-9034793
PATHWAY:1931	R-HSA-9026357
PATHWAY:1932	R-HSA-9026527
PATHWAY:1933	R-HSA-9630221
PATHWAY:1934	R-HSA-9630222
PATHWAY:1935	R-HSA-9024909
PATHWAY:1936	R-HSA-68875
PATHWAY:1937	R-HSA-9656255
PATHWAY:1938	R-HSA-9656256
PATHWAY:1939	R-HSA-9657050
PATHWAY:194	R-HSA-379716
PATHWAY:1940	R-HSA-111885
PATHWAY:1941	R-HSA-549127
PATHWAY:1942	R-HSA-5619066
PATHWAY:1943	R-HSA-388479
PATHWAY:1944	R-HSA-2160456
PATHWAY:1945	R-HSA-211728
PATHWAY:1946	R-HSA-211736
PATHWAY:1947	R-HSA-3238698
PATHWAY:1948	R-HSA-163358
PATHWAY:1949	R-HSA-163680
PATHWAY:195	R-HSA-2142850
PATHWAY:1950	R-HSA-163767
PATHWAY:1951	R-HSA-5662853
PATHWAY:1952	R-HSA-209952
PATHWAY:1953	R-HSA-425397
PATHWAY:1954	R-HSA-168181
PATHWAY:1955	R-HSA-3359485
PATHWAY:1956	R-HSA-111957
PATHWAY:1957	R-HSA-444411
PATHWAY:1958	R-HSA-9674396
PATHWAY:1959	R-HSA-9674401
PATHWAY:196	R-HSA-382556
PATHWAY:1960	R-HSA-9674403
PATHWAY:1961	R-HSA-9674404
PATHWAY:1962	R-HSA-9674428
PATHWAY:1963	R-HSA-5619046
PATHWAY:1964	R-HSA-9634600
PATHWAY:1965	R-HSA-5609974
PATHWAY:1966	R-HSA-2161517
PATHWAY:1967	R-HSA-5678771
PATHWAY:1968	R-HSA-8847453
PATHWAY:1969	R-HSA-111995
PATHWAY:197	R-HSA-9748787
PATHWAY:1970	R-HSA-196783
PATHWAY:1971	R-HSA-4043911
PATHWAY:1972	R-HSA-162699
PATHWAY:1973	R-HSA-4717374
PATHWAY:1974	R-HSA-4719360
PATHWAY:1975	R-HSA-4719377
PATHWAY:1976	R-HSA-163282
PATHWAY:1977	R-HSA-211897
PATHWAY:1978	R-HSA-2892245
PATHWAY:1979	R-HSA-5579016
PATHWAY:198	R-HSA-1369007
PATHWAY:1980	R-HSA-5579002
PATHWAY:1981	R-HSA-1483076
PATHWAY:1982	R-HSA-5619101
PATHWAY:1983	R-HSA-5660686
PATHWAY:1984	R-HSA-73943
PATHWAY:1985	R-HSA-5619099
PATHWAY:1986	R-HSA-9036092
PATHWAY:1987	R-HSA-163685
PATHWAY:1988	R-HSA-9629232
PATHWAY:1989	R-HSA-9636003
PATHWAY:199	R-HSA-5683371
PATHWAY:1990	R-HSA-5619063
PATHWAY:1991	R-HSA-9010642
PATHWAY:1992	R-HSA-5619078
PATHWAY:1993	R-HSA-8849474
PATHWAY:1994	R-HSA-5619088
PATHWAY:1995	R-HSA-114516
PATHWAY:1996	R-HSA-76005
PATHWAY:1997	R-HSA-5683329
PATHWAY:1998	R-HSA-5674499
PATHWAY:1999	R-HSA-9652169
PATHWAY:2	R-HSA-114608
PATHWAY:20	R-HSA-389357
PATHWAY:200	R-HSA-75153
PATHWAY:2000	R-HSA-198765
PATHWAY:2001	R-HSA-4549380
PATHWAY:2002	R-HSA-169131
PATHWAY:2003	R-HSA-70688
PATHWAY:2004	R-HSA-1483152
PATHWAY:2005	R-HSA-5579015
PATHWAY:2006	R-HSA-5619047
PATHWAY:2007	R-HSA-1299287
PATHWAY:2008	R-HSA-9708530
PATHWAY:2009	R-HSA-5674404
PATHWAY:201	R-HSA-9833576
PATHWAY:2010	R-HSA-140180
PATHWAY:2011	R-HSA-9018679
PATHWAY:2012	R-HSA-9025094
PATHWAY:2013	R-HSA-8849472
PATHWAY:2014	R-HSA-9673766
PATHWAY:2015	R-HSA-111452
PATHWAY:2016	R-HSA-9663199
PATHWAY:2017	R-HSA-9699150
PATHWAY:2018	R-HSA-114294
PATHWAY:2019	R-HSA-9793242
PATHWAY:202	R-HSA-1296025
PATHWAY:2020	R-HSA-9661070
PATHWAY:2021	R-HSA-6809583
PATHWAY:2022	R-HSA-5619042
PATHWAY:2023	R-HSA-9037628
PATHWAY:2024	R-HSA-5619114
PATHWAY:2025	R-HSA-5658471
PATHWAY:2026	R-HSA-8985801
PATHWAY:2027	R-HSA-8981373
PATHWAY:2028	R-HSA-6804754
PATHWAY:2029	R-HSA-5679090
PATHWAY:203	R-HSA-5578775
PATHWAY:2030	R-HSA-5679096
PATHWAY:2031	R-HSA-5688031
PATHWAY:2032	R-HSA-5688354
PATHWAY:2033	R-HSA-168179
PATHWAY:2034	R-HSA-2206307
PATHWAY:2035	R-HSA-5340573
PATHWAY:2036	R-HSA-5619067
PATHWAY:2037	R-HSA-5619062
PATHWAY:2038	R-HSA-5619043
PATHWAY:2039	R-HSA-5619098
PATHWAY:204	R-HSA-5678420
PATHWAY:2040	R-HSA-5660862
PATHWAY:2041	R-HSA-5619050
PATHWAY:2042	R-HSA-5656364
PATHWAY:2043	R-HSA-5658208
PATHWAY:2044	R-HSA-5619096
PATHWAY:2045	R-HSA-888593
PATHWAY:2046	R-HSA-5619109
PATHWAY:2047	R-HSA-5619081
PATHWAY:2048	R-HSA-5660724
PATHWAY:2049	R-HSA-380615
PATHWAY:205	R-HSA-4090294
PATHWAY:2050	R-HSA-5619104
PATHWAY:2051	R-HSA-5619087
PATHWAY:2052	R-HSA-5619070
PATHWAY:2053	R-HSA-5619040
PATHWAY:2054	R-HSA-427652
PATHWAY:2055	R-HSA-5619111
PATHWAY:2056	R-HSA-5619095
PATHWAY:2057	R-HSA-5619053
PATHWAY:2058	R-HSA-5250992
PATHWAY:2059	R-HSA-9709275
PATHWAY:206	R-HSA-8866427
PATHWAY:2060	R-HSA-9763198
PATHWAY:2061	R-HSA-5250989
PATHWAY:2062	R-HSA-3371598
PATHWAY:2063	R-HSA-380095
PATHWAY:2064	R-HSA-75893
PATHWAY:2065	R-HSA-163754
PATHWAY:2066	R-HSA-6791055
PATHWAY:2067	R-HSA-6791462
PATHWAY:2068	R-HSA-5579032
PATHWAY:2069	R-HSA-3359454
PATHWAY:207	R-HSA-9029558
PATHWAY:2070	R-HSA-3642279
PATHWAY:2071	R-HSA-3645790
PATHWAY:2072	R-HSA-5602410
PATHWAY:2073	R-HSA-5602415
PATHWAY:2074	R-HSA-168176
PATHWAY:2075	R-HSA-9723905
PATHWAY:2076	R-HSA-5578995
PATHWAY:2077	R-HSA-9693928
PATHWAY:2078	R-HSA-8877627
PATHWAY:2079	R-HSA-5687868
PATHWAY:208	R-HSA-9029569
PATHWAY:2080	R-HSA-5263617
PATHWAY:2081	R-HSA-167826
PATHWAY:2082	R-HSA-167827
PATHWAY:2083	R-HSA-5619072
PATHWAY:2084	R-HSA-69478
PATHWAY:2085	R-HSA-4793954
PATHWAY:2086	R-HSA-9636569
PATHWAY:2087	R-HSA-4724325
PATHWAY:2088	R-HSA-4720489
PATHWAY:2089	R-HSA-4755579
PATHWAY:209	R-HSA-9031525
PATHWAY:2090	R-HSA-9616334
PATHWAY:2091	R-HSA-163316
PATHWAY:2092	R-HSA-4720454
PATHWAY:2093	R-HSA-111997
PATHWAY:2094	R-HSA-5545619
PATHWAY:2095	R-HSA-8941237
PATHWAY:2096	R-HSA-1606322
PATHWAY:2097	R-HSA-5619068
PATHWAY:2098	R-HSA-168316
PATHWAY:2099	R-HSA-1483101
PATHWAY:21	R-HSA-389513
PATHWAY:210	R-HSA-9031528
PATHWAY:2100	R-HSA-168142
PATHWAY:2101	R-HSA-1299361
PATHWAY:2102	R-HSA-75158
PATHWAY:2103	R-HSA-4549349
PATHWAY:2104	R-HSA-8951911
PATHWAY:2105	R-HSA-5678520
PATHWAY:2106	R-HSA-5619054
PATHWAY:2107	R-HSA-1368071
PATHWAY:2108	R-HSA-9637698
PATHWAY:2109	R-HSA-170145
PATHWAY:211	R-HSA-9623433
PATHWAY:2110	R-HSA-3560796
PATHWAY:2111	R-HSA-5619089
PATHWAY:2112	R-HSA-4570571
PATHWAY:2113	R-HSA-5619077
PATHWAY:2114	R-HSA-5619061
PATHWAY:2115	R-HSA-3282872
PATHWAY:2116	R-HSA-5579013
PATHWAY:2117	R-HSA-5579007
PATHWAY:2118	R-HSA-4687000
PATHWAY:2119	R-HSA-1855231
PATHWAY:212	R-HSA-9632974
PATHWAY:2120	R-HSA-168255
PATHWAY:2121	R-HSA-168288
PATHWAY:2122	R-HSA-168298
PATHWAY:2123	R-HSA-168302
PATHWAY:2124	R-HSA-168303
PATHWAY:2125	R-HSA-168336
PATHWAY:2126	R-HSA-168874
PATHWAY:2127	R-HSA-192869
PATHWAY:2128	R-HSA-168888
PATHWAY:2129	R-HSA-5619039
PATHWAY:213	R-HSA-6809371
PATHWAY:214	R-HSA-9008059
PATHWAY:215	R-HSA-9012546
PATHWAY:216	R-HSA-5083625
PATHWAY:217	R-HSA-5083632
PATHWAY:218	R-HSA-5083636
PATHWAY:219	R-HSA-5621480
PATHWAY:22	R-HSA-392451
PATHWAY:220	R-HSA-977068
PATHWAY:221	R-HSA-191859
PATHWAY:222	R-HSA-1433557
PATHWAY:223	R-HSA-936837
PATHWAY:224	R-HSA-72165
PATHWAY:225	R-HSA-1971475
PATHWAY:226	R-HSA-2022928
PATHWAY:227	R-HSA-2024096
PATHWAY:228	R-HSA-3560783
PATHWAY:229	R-HSA-3560801
PATHWAY:23	R-HSA-5218920
PATHWAY:230	R-HSA-3656237
PATHWAY:231	R-HSA-3656253
PATHWAY:232	R-HSA-4420332
PATHWAY:233	R-HSA-9694614
PATHWAY:234	R-HSA-975634
PATHWAY:235	R-HSA-9662360
PATHWAY:236	R-HSA-9662361
PATHWAY:237	R-HSA-427413
PATHWAY:238	R-HSA-6790901
PATHWAY:239	R-HSA-6791226
PATHWAY:24	R-HSA-5628897
PATHWAY:240	R-HSA-73863
PATHWAY:241	R-HSA-211981
PATHWAY:242	R-HSA-1660661
PATHWAY:243	R-HSA-1299308
PATHWAY:244	R-HSA-5576886
PATHWAY:245	R-HSA-9759811
PATHWAY:246	R-HSA-9762292
PATHWAY:247	R-HSA-2022923
PATHWAY:248	R-HSA-72200
PATHWAY:249	R-HSA-75094
PATHWAY:25	R-HSA-5674400
PATHWAY:250	R-HSA-3928662
PATHWAY:251	R-HSA-8856828
PATHWAY:252	R-HSA-977225
PATHWAY:253	R-HSA-375276
PATHWAY:254	R-HSA-1474228
PATHWAY:255	R-HSA-2564830
PATHWAY:256	R-HSA-5389840
PATHWAY:257	R-HSA-9013148
PATHWAY:258	R-HSA-9013405
PATHWAY:259	R-HSA-2187335
PATHWAY:26	R-HSA-6804757
PATHWAY:260	R-HSA-2453864
PATHWAY:261	R-HSA-419771
PATHWAY:262	R-HSA-877300
PATHWAY:263	R-HSA-2559586
PATHWAY:264	R-HSA-5685938
PATHWAY:265	R-HSA-5685942
PATHWAY:266	R-HSA-5693548
PATHWAY:267	R-HSA-5693554
PATHWAY:268	R-HSA-5693565
PATHWAY:269	R-HSA-5693568
PATHWAY:27	R-HSA-6804758
PATHWAY:270	R-HSA-5693571
PATHWAY:271	R-HSA-5693579
PATHWAY:272	R-HSA-5693607
PATHWAY:273	R-HSA-5693616
PATHWAY:274	R-HSA-6804756
PATHWAY:275	R-HSA-69473
PATHWAY:276	R-HSA-912446
PATHWAY:277	R-HSA-9701192
PATHWAY:278	R-HSA-9704331
PATHWAY:279	R-HSA-9704646
PATHWAY:28	R-HSA-6804759
PATHWAY:280	R-HSA-9709570
PATHWAY:281	R-HSA-9709603
PATHWAY:282	R-HSA-68884
PATHWAY:283	R-HSA-983189
PATHWAY:284	R-HSA-204005
PATHWAY:285	R-HSA-5694530
PATHWAY:286	R-HSA-2565942
PATHWAY:287	R-HSA-3371497
PATHWAY:288	R-HSA-380259
PATHWAY:289	R-HSA-380270
PATHWAY:29	R-HSA-69202
PATHWAY:290	R-HSA-380284
PATHWAY:291	R-HSA-380320
PATHWAY:292	R-HSA-5620912
PATHWAY:293	R-HSA-6811436
PATHWAY:294	R-HSA-8854518
PATHWAY:295	R-HSA-114508
PATHWAY:296	R-HSA-1169092
PATHWAY:297	R-HSA-2871837
PATHWAY:298	R-HSA-354192
PATHWAY:299	R-HSA-392517
PATHWAY:3	R-HSA-6798695
PATHWAY:30	R-HSA-69656
PATHWAY:300	R-HSA-177504
PATHWAY:301	R-HSA-611105
PATHWAY:302	R-HSA-9707564
PATHWAY:303	R-HSA-5357786
PATHWAY:304	R-HSA-5357905
PATHWAY:305	R-HSA-5357956
PATHWAY:306	R-HSA-8854214
PATHWAY:307	R-HSA-111465
PATHWAY:308	R-HSA-8980692
PATHWAY:309	R-HSA-983170
PATHWAY:31	R-HSA-8876198
PATHWAY:310	R-HSA-1368108
PATHWAY:311	R-HSA-197264
PATHWAY:312	R-HSA-9768919
PATHWAY:313	R-HSA-6811440
PATHWAY:314	R-HSA-9705671
PATHWAY:315	R-HSA-8984722
PATHWAY:316	R-HSA-9020956
PATHWAY:317	R-HSA-416700
PATHWAY:318	R-HSA-9609690
PATHWAY:319	R-HSA-5658442
PATHWAY:32	R-HSA-8941332
PATHWAY:320	R-HSA-71064
PATHWAY:321	R-HSA-2022377
PATHWAY:322	R-HSA-9035034
PATHWAY:323	R-HSA-416476
PATHWAY:324	R-HSA-417957
PATHWAY:325	R-HSA-70263
PATHWAY:326	R-HSA-70635
PATHWAY:327	R-HSA-1538133
PATHWAY:328	R-HSA-171319
PATHWAY:329	R-HSA-176187
PATHWAY:33	R-HSA-8948751
PATHWAY:330	R-HSA-176408
PATHWAY:331	R-HSA-187577
PATHWAY:332	R-HSA-2559582
PATHWAY:333	R-HSA-6804116
PATHWAY:334	R-HSA-68911
PATHWAY:335	R-HSA-68949
PATHWAY:336	R-HSA-68962
PATHWAY:337	R-HSA-69017
PATHWAY:338	R-HSA-69200
PATHWAY:339	R-HSA-69231
PATHWAY:34	R-HSA-9607240
PATHWAY:340	R-HSA-69273
PATHWAY:341	R-HSA-69563
PATHWAY:342	R-HSA-8849470
PATHWAY:343	R-HSA-9616222
PATHWAY:344	R-HSA-9661069
PATHWAY:345	R-HSA-2453902
PATHWAY:346	R-HSA-5365859
PATHWAY:347	R-HSA-445355
PATHWAY:348	R-HSA-159227
PATHWAY:349	R-HSA-159230
PATHWAY:35	R-HSA-9614399
PATHWAY:350	R-HSA-159231
PATHWAY:351	R-HSA-159236
PATHWAY:352	R-HSA-72187
PATHWAY:353	R-HSA-73856
PATHWAY:354	R-HSA-2559585
PATHWAY:355	R-HSA-3214858
PATHWAY:356	R-HSA-75815
PATHWAY:357	R-HSA-9630791
PATHWAY:358	R-HSA-9630794
PATHWAY:359	R-HSA-9632697
PATHWAY:36	R-HSA-9634638
PATHWAY:360	R-HSA-9632700
PATHWAY:361	R-HSA-9754119
PATHWAY:362	R-HSA-446193
PATHWAY:363	R-HSA-4720475
PATHWAY:364	R-HSA-8876725
PATHWAY:365	R-HSA-1169091
PATHWAY:366	R-HSA-1234176
PATHWAY:367	R-HSA-1236974
PATHWAY:368	R-HSA-1236978
PATHWAY:369	R-HSA-174084
PATHWAY:37	R-HSA-9755511
PATHWAY:370	R-HSA-174113
PATHWAY:371	R-HSA-174154
PATHWAY:372	R-HSA-174178
PATHWAY:373	R-HSA-174184
PATHWAY:374	R-HSA-180534
PATHWAY:375	R-HSA-180585
PATHWAY:376	R-HSA-195253
PATHWAY:377	R-HSA-202424
PATHWAY:378	R-HSA-211733
PATHWAY:379	R-HSA-349425
PATHWAY:38	R-HSA-9755779
PATHWAY:380	R-HSA-350562
PATHWAY:381	R-HSA-450408
PATHWAY:382	R-HSA-4608870
PATHWAY:383	R-HSA-4641257
PATHWAY:384	R-HSA-4641258
PATHWAY:385	R-HSA-5358346
PATHWAY:386	R-HSA-5362768
PATHWAY:387	R-HSA-5607761
PATHWAY:388	R-HSA-5607764
PATHWAY:389	R-HSA-5610780
PATHWAY:39	R-HSA-1989781
PATHWAY:390	R-HSA-5610783
PATHWAY:391	R-HSA-5610785
PATHWAY:392	R-HSA-5632684
PATHWAY:393	R-HSA-5668541
PATHWAY:394	R-HSA-5676590
PATHWAY:395	R-HSA-5678895
PATHWAY:396	R-HSA-5687128
PATHWAY:397	R-HSA-5689603
PATHWAY:398	R-HSA-68867
PATHWAY:399	R-HSA-69481
PATHWAY:4	R-HSA-156582
PATHWAY:40	R-HSA-212436
PATHWAY:400	R-HSA-69601
PATHWAY:401	R-HSA-8852276
PATHWAY:402	R-HSA-8854050
PATHWAY:403	R-HSA-8939236
PATHWAY:404	R-HSA-8939902
PATHWAY:405	R-HSA-8941858
PATHWAY:406	R-HSA-9010553
PATHWAY:407	R-HSA-9020702
PATHWAY:408	R-HSA-9604323
PATHWAY:409	R-HSA-9762114
PATHWAY:41	R-HSA-381340
PATHWAY:410	R-HSA-9824272
PATHWAY:411	R-HSA-1442490
PATHWAY:412	R-HSA-177929
PATHWAY:413	R-HSA-2122948
PATHWAY:414	R-HSA-2660826
PATHWAY:415	R-HSA-2691232
PATHWAY:416	R-HSA-2979096
PATHWAY:417	R-HSA-3928665
PATHWAY:418	R-HSA-9013507
PATHWAY:419	R-HSA-9013700
PATHWAY:42	R-HSA-383280
PATHWAY:420	R-HSA-180024
PATHWAY:421	R-HSA-399956
PATHWAY:422	R-HSA-9031628
PATHWAY:423	R-HSA-9032845
PATHWAY:424	R-HSA-418555
PATHWAY:425	R-HSA-419812
PATHWAY:426	R-HSA-901032
PATHWAY:427	R-HSA-8934593
PATHWAY:428	R-HSA-4085377
PATHWAY:429	R-HSA-4755510
PATHWAY:43	R-HSA-8963693
PATHWAY:430	R-HSA-8849932
PATHWAY:431	R-HSA-9013026
PATHWAY:432	R-HSA-9013106
PATHWAY:433	R-HSA-5689901
PATHWAY:434	R-HSA-499943
PATHWAY:435	R-HSA-112382
PATHWAY:436	R-HSA-113418
PATHWAY:437	R-HSA-167152
PATHWAY:438	R-HSA-167158
PATHWAY:439	R-HSA-167160
PATHWAY:44	R-HSA-2172127
PATHWAY:440	R-HSA-167161
PATHWAY:441	R-HSA-167162
PATHWAY:442	R-HSA-167172
PATHWAY:443	R-HSA-167200
PATHWAY:444	R-HSA-167246
PATHWAY:445	R-HSA-674695
PATHWAY:446	R-HSA-6796648
PATHWAY:447	R-HSA-6807505
PATHWAY:448	R-HSA-72086
PATHWAY:449	R-HSA-73762
PATHWAY:45	R-HSA-193368
PATHWAY:450	R-HSA-73772
PATHWAY:451	R-HSA-73776
PATHWAY:452	R-HSA-73779
PATHWAY:453	R-HSA-75953
PATHWAY:454	R-HSA-75955
PATHWAY:455	R-HSA-76042
PATHWAY:456	R-HSA-77075
PATHWAY:457	R-HSA-163560
PATHWAY:458	R-HSA-9613354
PATHWAY:459	R-HSA-9706019
PATHWAY:46	R-HSA-2046106
PATHWAY:460	R-HSA-6811438
PATHWAY:461	R-HSA-2142789
PATHWAY:462	R-HSA-163125
PATHWAY:463	R-HSA-72203
PATHWAY:464	R-HSA-390471
PATHWAY:465	R-HSA-2173796
PATHWAY:466	R-HSA-5368286
PATHWAY:467	R-HSA-5419276
PATHWAY:468	R-HSA-1296052
PATHWAY:469	R-HSA-418457
PATHWAY:47	R-HSA-389887
PATHWAY:470	R-HSA-947581
PATHWAY:471	R-HSA-8849175
PATHWAY:472	R-HSA-6784531
PATHWAY:473	R-HSA-177128
PATHWAY:474	R-HSA-177135
PATHWAY:475	R-HSA-9749641
PATHWAY:476	R-HSA-167238
PATHWAY:477	R-HSA-167243
PATHWAY:478	R-HSA-167287
PATHWAY:479	R-HSA-167290
PATHWAY:48	R-HSA-390247
PATHWAY:480	R-HSA-176034
PATHWAY:481	R-HSA-9018519
PATHWAY:482	R-HSA-9013418
PATHWAY:483	R-HSA-9013422
PATHWAY:484	R-HSA-182971
PATHWAY:485	R-HSA-1295596
PATHWAY:486	R-HSA-6807004
PATHWAY:487	R-HSA-8856825
PATHWAY:488	R-HSA-8875360
PATHWAY:489	R-HSA-9013420
PATHWAY:49	R-HSA-9033241
PATHWAY:490	R-HSA-5674135
PATHWAY:491	R-HSA-6802946
PATHWAY:492	R-HSA-6802948
PATHWAY:493	R-HSA-6802955
PATHWAY:494	R-HSA-9649948
PATHWAY:495	R-HSA-9656223
PATHWAY:496	R-HSA-6785807
PATHWAY:497	R-HSA-69895
PATHWAY:498	R-HSA-8866911
PATHWAY:499	R-HSA-8941855
PATHWAY:5	R-HSA-9753281
PATHWAY:50	R-HSA-2029482
PATHWAY:500	R-HSA-9617828
PATHWAY:501	R-HSA-9702518
PATHWAY:502	R-HSA-9703465
PATHWAY:503	R-HSA-5625900
PATHWAY:504	R-HSA-2473224
PATHWAY:505	R-HSA-9752946
PATHWAY:506	R-HSA-110328
PATHWAY:507	R-HSA-110329
PATHWAY:508	R-HSA-110330
PATHWAY:509	R-HSA-110331
PATHWAY:51	R-HSA-4420097
PATHWAY:510	R-HSA-1221632
PATHWAY:511	R-HSA-171306
PATHWAY:512	R-HSA-201722
PATHWAY:513	R-HSA-212300
PATHWAY:514	R-HSA-427359
PATHWAY:515	R-HSA-427389
PATHWAY:516	R-HSA-5250924
PATHWAY:517	R-HSA-5334118
PATHWAY:518	R-HSA-5578749
PATHWAY:519	R-HSA-5617472
PATHWAY:52	R-HSA-5663213
PATHWAY:520	R-HSA-5625886
PATHWAY:521	R-HSA-68616
PATHWAY:522	R-HSA-73728
PATHWAY:523	R-HSA-8936459
PATHWAY:524	R-HSA-9670095
PATHWAY:525	R-HSA-9710421
PATHWAY:526	R-HSA-400253
PATHWAY:527	R-HSA-1614603
PATHWAY:528	R-HSA-2408508
PATHWAY:529	R-HSA-2173788
PATHWAY:53	R-HSA-9013149
PATHWAY:530	R-HSA-8863795
PATHWAY:531	R-HSA-2468052
PATHWAY:532	R-HSA-2470946
PATHWAY:533	R-HSA-201688
PATHWAY:534	R-HSA-3214815
PATHWAY:535	R-HSA-418597
PATHWAY:536	R-HSA-111471
PATHWAY:537	R-HSA-3232118
PATHWAY:538	R-HSA-69541
PATHWAY:539	R-HSA-8853884
PATHWAY:54	R-HSA-9013404
PATHWAY:540	R-HSA-9645722
PATHWAY:541	R-HSA-9646303
PATHWAY:542	R-HSA-9646304
PATHWAY:543	R-HSA-9759194
PATHWAY:544	R-HSA-70895
PATHWAY:545	R-HSA-428540
PATHWAY:546	R-HSA-9013406
PATHWAY:547	R-HSA-9013407
PATHWAY:548	R-HSA-9013408
PATHWAY:549	R-HSA-9013409
PATHWAY:55	R-HSA-9013423
PATHWAY:550	R-HSA-9013424
PATHWAY:551	R-HSA-75102
PATHWAY:552	R-HSA-77042
PATHWAY:553	R-HSA-909733
PATHWAY:554	R-HSA-749476
PATHWAY:555	R-HSA-76071
PATHWAY:556	R-HSA-1222556
PATHWAY:557	R-HSA-77387
PATHWAY:558	R-HSA-917977
PATHWAY:559	R-HSA-9639288
PATHWAY:56	R-HSA-9664422
PATHWAY:560	R-HSA-983712
PATHWAY:561	R-HSA-9037629
PATHWAY:562	R-HSA-5689896
PATHWAY:563	R-HSA-3000157
PATHWAY:564	R-HSA-3000171
PATHWAY:565	R-HSA-8874081
PATHWAY:566	R-HSA-165159
PATHWAY:567	R-HSA-166208
PATHWAY:568	R-HSA-380972
PATHWAY:569	R-HSA-391160
PATHWAY:57	R-HSA-70171
PATHWAY:570	R-HSA-156590
PATHWAY:571	R-HSA-5661270
PATHWAY:572	R-HSA-2022854
PATHWAY:573	R-HSA-166058
PATHWAY:574	R-HSA-168188
PATHWAY:575	R-HSA-5602498
PATHWAY:576	R-HSA-5603041
PATHWAY:577	R-HSA-5686938
PATHWAY:578	R-HSA-9725370
PATHWAY:579	R-HSA-1369062
PATHWAY:58	R-HSA-5576890
PATHWAY:580	R-HSA-379726
PATHWAY:581	R-HSA-1614558
PATHWAY:582	R-HSA-8949215
PATHWAY:583	R-HSA-8949664
PATHWAY:584	R-HSA-399719
PATHWAY:585	R-HSA-5682910
PATHWAY:586	R-HSA-112308
PATHWAY:587	R-HSA-1234158
PATHWAY:588	R-HSA-8866906
PATHWAY:589	R-HSA-8866907
PATHWAY:59	R-HSA-5576893
PATHWAY:590	R-HSA-399954
PATHWAY:591	R-HSA-399955
PATHWAY:592	R-HSA-1445148
PATHWAY:593	R-HSA-190840
PATHWAY:594	R-HSA-389960
PATHWAY:595	R-HSA-389977
PATHWAY:596	R-HSA-437239
PATHWAY:597	R-HSA-5610787
PATHWAY:598	R-HSA-5620924
PATHWAY:599	R-HSA-5626467
PATHWAY:6	R-HSA-74217
PATHWAY:60	R-HSA-9013973
PATHWAY:600	R-HSA-8955332
PATHWAY:601	R-HSA-9609736
PATHWAY:602	R-HSA-9619483
PATHWAY:603	R-HSA-156584
PATHWAY:604	R-HSA-389957
PATHWAY:605	R-HSA-8851680
PATHWAY:606	R-HSA-1483191
PATHWAY:607	R-HSA-1483213
PATHWAY:608	R-HSA-3928663
PATHWAY:609	R-HSA-416572
PATHWAY:61	R-HSA-933541
PATHWAY:610	R-HSA-5625740
PATHWAY:611	R-HSA-5627117
PATHWAY:612	R-HSA-5627123
PATHWAY:613	R-HSA-168638
PATHWAY:614	R-HSA-445989
PATHWAY:615	R-HSA-450302
PATHWAY:616	R-HSA-450321
PATHWAY:617	R-HSA-141430
PATHWAY:618	R-HSA-174048
PATHWAY:619	R-HSA-176407
PATHWAY:62	R-HSA-936964
PATHWAY:620	R-HSA-176409
PATHWAY:621	R-HSA-176412
PATHWAY:622	R-HSA-179409
PATHWAY:623	R-HSA-9687136
PATHWAY:624	R-HSA-6803205
PATHWAY:625	R-HSA-5626978
PATHWAY:626	R-HSA-1483226
PATHWAY:627	R-HSA-4615885
PATHWAY:628	R-HSA-1912420
PATHWAY:629	R-HSA-381676
PATHWAY:63	R-HSA-2122947
PATHWAY:630	R-HSA-422356
PATHWAY:631	R-HSA-1251985
PATHWAY:632	R-HSA-2028269
PATHWAY:633	R-HSA-2032785
PATHWAY:634	R-HSA-8951671
PATHWAY:635	R-HSA-9619665
PATHWAY:636	R-HSA-9796292
PATHWAY:637	R-HSA-5083635
PATHWAY:638	R-HSA-5173214
PATHWAY:639	R-HSA-6804760
PATHWAY:64	R-HSA-2644606
PATHWAY:640	R-HSA-1655829
PATHWAY:641	R-HSA-203615
PATHWAY:642	R-HSA-3214847
PATHWAY:643	R-HSA-9772755
PATHWAY:644	R-HSA-77289
PATHWAY:645	R-HSA-381771
PATHWAY:646	R-HSA-114604
PATHWAY:647	R-HSA-2871796
PATHWAY:648	R-HSA-2871809
PATHWAY:649	R-HSA-9014325
PATHWAY:65	R-HSA-2894862
PATHWAY:650	R-HSA-937042
PATHWAY:651	R-HSA-9645460
PATHWAY:652	R-HSA-8857538
PATHWAY:653	R-HSA-110312
PATHWAY:654	R-HSA-5655862
PATHWAY:655	R-HSA-5656121
PATHWAY:656	R-HSA-202733
PATHWAY:657	R-HSA-9692916
PATHWAY:658	R-HSA-163210
PATHWAY:659	R-HSA-8949613
PATHWAY:66	R-HSA-3371511
PATHWAY:660	R-HSA-8866652
PATHWAY:661	R-HSA-389599
PATHWAY:662	R-HSA-9603798
PATHWAY:663	R-HSA-425986
PATHWAY:664	R-HSA-5619092
PATHWAY:665	R-HSA-156827
PATHWAY:666	R-HSA-72649
PATHWAY:667	R-HSA-72689
PATHWAY:668	R-HSA-72695
PATHWAY:669	R-HSA-72702
PATHWAY:67	R-HSA-350054
PATHWAY:670	R-HSA-72706
PATHWAY:671	R-HSA-428890
PATHWAY:672	R-HSA-8874211
PATHWAY:673	R-HSA-373080
PATHWAY:674	R-HSA-1650814
PATHWAY:675	R-HSA-181429
PATHWAY:676	R-HSA-181430
PATHWAY:677	R-HSA-210500
PATHWAY:678	R-HSA-212676
PATHWAY:679	R-HSA-264642
PATHWAY:68	R-HSA-5617833
PATHWAY:680	R-HSA-1368082
PATHWAY:681	R-HSA-2151201
PATHWAY:682	R-HSA-2426168
PATHWAY:683	R-HSA-400206
PATHWAY:684	R-HSA-6804114
PATHWAY:685	R-HSA-9707616
PATHWAY:686	R-HSA-159418
PATHWAY:687	R-HSA-192105
PATHWAY:688	R-HSA-193807
PATHWAY:689	R-HSA-211976
PATHWAY:69	R-HSA-8878166
PATHWAY:690	R-HSA-9696264
PATHWAY:691	R-HSA-416550
PATHWAY:692	R-HSA-380994
PATHWAY:693	R-HSA-9633012
PATHWAY:694	R-HSA-9648895
PATHWAY:695	R-HSA-9725371
PATHWAY:696	R-HSA-1566948
PATHWAY:697	R-HSA-2129379
PATHWAY:698	R-HSA-9733709
PATHWAY:699	R-HSA-3000484
PATHWAY:7	R-HSA-9734735
PATHWAY:70	R-HSA-8940973
PATHWAY:700	R-HSA-917937
PATHWAY:701	R-HSA-140875
PATHWAY:702	R-HSA-163765
PATHWAY:703	R-HSA-5619037
PATHWAY:704	R-HSA-5663020
PATHWAY:705	R-HSA-727802
PATHWAY:706	R-HSA-196819
PATHWAY:707	R-HSA-380108
PATHWAY:708	R-HSA-427589
PATHWAY:709	R-HSA-5619045
PATHWAY:71	R-HSA-9613829
PATHWAY:710	R-HSA-5683826
PATHWAY:711	R-HSA-5687583
PATHWAY:712	R-HSA-390450
PATHWAY:713	R-HSA-6814122
PATHWAY:714	R-HSA-5620922
PATHWAY:715	R-HSA-8964038
PATHWAY:716	R-HSA-166662
PATHWAY:717	R-HSA-5083629
PATHWAY:718	R-HSA-5083633
PATHWAY:719	R-HSA-5173105
PATHWAY:72	R-HSA-9615710
PATHWAY:720	R-HSA-3299685
PATHWAY:721	R-HSA-196757
PATHWAY:722	R-HSA-1181150
PATHWAY:723	R-HSA-1502540
PATHWAY:724	R-HSA-189483
PATHWAY:725	R-HSA-5619110
PATHWAY:726	R-HSA-879518
PATHWAY:727	R-HSA-9754706
PATHWAY:728	R-HSA-429947
PATHWAY:729	R-HSA-73817
PATHWAY:73	R-HSA-9646399
PATHWAY:730	R-HSA-9683673
PATHWAY:731	R-HSA-9694548
PATHWAY:732	R-HSA-9694719
PATHWAY:733	R-HSA-6794361
PATHWAY:734	R-HSA-1834949
PATHWAY:735	R-HSA-73780
PATHWAY:736	R-HSA-73980
PATHWAY:737	R-HSA-76061
PATHWAY:738	R-HSA-76066
PATHWAY:739	R-HSA-3928664
PATHWAY:74	R-HSA-1614517
PATHWAY:740	R-HSA-844456
PATHWAY:741	R-HSA-9617629
PATHWAY:742	R-HSA-9660826
PATHWAY:743	R-HSA-156711
PATHWAY:744	R-HSA-9827857
PATHWAY:745	R-HSA-1433617
PATHWAY:746	R-HSA-264876
PATHWAY:747	R-HSA-5620916
PATHWAY:748	R-HSA-428359
PATHWAY:749	R-HSA-111932
PATHWAY:75	R-HSA-198933
PATHWAY:750	R-HSA-442729
PATHWAY:751	R-HSA-9619229
PATHWAY:752	R-HSA-6803204
PATHWAY:753	R-HSA-6806942
PATHWAY:754	R-HSA-8852405
PATHWAY:755	R-HSA-191273
PATHWAY:756	R-HSA-8849468
PATHWAY:757	R-HSA-211945
PATHWAY:758	R-HSA-5578768
PATHWAY:759	R-HSA-8866654
PATHWAY:76	R-HSA-6805567
PATHWAY:760	R-HSA-428930
PATHWAY:761	R-HSA-456926
PATHWAY:762	R-HSA-5669034
PATHWAY:763	R-HSA-5676594
PATHWAY:764	R-HSA-2022870
PATHWAY:765	R-HSA-2024101
PATHWAY:766	R-HSA-3595172
PATHWAY:767	R-HSA-3595174
PATHWAY:768	R-HSA-3595177
PATHWAY:769	R-HSA-1296041
PATHWAY:77	R-HSA-1461957
PATHWAY:770	R-HSA-202040
PATHWAY:771	R-HSA-392170
PATHWAY:772	R-HSA-392851
PATHWAY:773	R-HSA-400042
PATHWAY:774	R-HSA-4086398
PATHWAY:775	R-HSA-418217
PATHWAY:776	R-HSA-418592
PATHWAY:777	R-HSA-420092
PATHWAY:778	R-HSA-432040
PATHWAY:779	R-HSA-500657
PATHWAY:78	R-HSA-1461973
PATHWAY:780	R-HSA-8964315
PATHWAY:781	R-HSA-8964616
PATHWAY:782	R-HSA-9009391
PATHWAY:783	R-HSA-9634597
PATHWAY:784	R-HSA-9660821
PATHWAY:785	R-HSA-997272
PATHWAY:786	R-HSA-6807047
PATHWAY:787	R-HSA-6807062
PATHWAY:788	R-HSA-420029
PATHWAY:789	R-HSA-1679131
PATHWAY:79	R-HSA-373760
PATHWAY:790	R-HSA-163359
PATHWAY:791	R-HSA-163615
PATHWAY:792	R-HSA-164378
PATHWAY:793	R-HSA-170660
PATHWAY:794	R-HSA-170670
PATHWAY:795	R-HSA-442720
PATHWAY:796	R-HSA-9664323
PATHWAY:797	R-HSA-8964041
PATHWAY:798	R-HSA-8964058
PATHWAY:799	R-HSA-110314
PATHWAY:8	R-HSA-9755088
PATHWAY:80	R-HSA-174411
PATHWAY:800	R-HSA-174414
PATHWAY:801	R-HSA-174417
PATHWAY:802	R-HSA-174437
PATHWAY:803	R-HSA-5358565
PATHWAY:804	R-HSA-5358606
PATHWAY:805	R-HSA-5651801
PATHWAY:806	R-HSA-5656169
PATHWAY:807	R-HSA-5696397
PATHWAY:808	R-HSA-69091
PATHWAY:809	R-HSA-69166
PATHWAY:81	R-HSA-174430
PATHWAY:810	R-HSA-69183
PATHWAY:811	R-HSA-1227986
PATHWAY:812	R-HSA-1236394
PATHWAY:813	R-HSA-1250196
PATHWAY:814	R-HSA-1250342
PATHWAY:815	R-HSA-1250347
PATHWAY:816	R-HSA-1963640
PATHWAY:817	R-HSA-1963642
PATHWAY:818	R-HSA-2219530
PATHWAY:819	R-HSA-6785631
PATHWAY:82	R-HSA-1482788
PATHWAY:820	R-HSA-6811558
PATHWAY:821	R-HSA-8847993
PATHWAY:822	R-HSA-9664565
PATHWAY:823	R-HSA-9665686
PATHWAY:824	R-HSA-8950505
PATHWAY:825	R-HSA-156588
PATHWAY:826	R-HSA-426117
PATHWAY:827	R-HSA-9696270
PATHWAY:828	R-HSA-2162123
PATHWAY:829	R-HSA-3371568
PATHWAY:83	R-HSA-1482801
PATHWAY:830	R-HSA-8937144
PATHWAY:831	R-HSA-8939211
PATHWAY:832	R-HSA-2855086
PATHWAY:833	R-HSA-447041
PATHWAY:834	R-HSA-1169408
PATHWAY:835	R-HSA-165054
PATHWAY:836	R-HSA-168271
PATHWAY:837	R-HSA-168276
PATHWAY:838	R-HSA-168325
PATHWAY:839	R-HSA-168333
PATHWAY:84	R-HSA-1482839
PATHWAY:840	R-HSA-170822
PATHWAY:841	R-HSA-180746
PATHWAY:842	R-HSA-180910
PATHWAY:843	R-HSA-3232142
PATHWAY:844	R-HSA-3301854
PATHWAY:845	R-HSA-5619107
PATHWAY:846	R-HSA-3214842
PATHWAY:847	R-HSA-429958
PATHWAY:848	R-HSA-112043
PATHWAY:849	R-HSA-1489509
PATHWAY:85	R-HSA-1482925
PATHWAY:850	R-HSA-2029485
PATHWAY:851	R-HSA-5218921
PATHWAY:852	R-HSA-5607763
PATHWAY:853	R-HSA-983695
PATHWAY:854	R-HSA-6804115
PATHWAY:855	R-HSA-9662834
PATHWAY:856	R-HSA-2465910
PATHWAY:857	R-HSA-2980767
PATHWAY:858	R-HSA-6782315
PATHWAY:859	R-HSA-5627083
PATHWAY:86	R-HSA-1483115
PATHWAY:860	R-HSA-391906
PATHWAY:861	R-HSA-9664535
PATHWAY:862	R-HSA-193048
PATHWAY:863	R-HSA-193993
PATHWAY:864	R-HSA-209822
PATHWAY:865	R-HSA-209968
PATHWAY:866	R-HSA-375281
PATHWAY:867	R-HSA-8866910
PATHWAY:868	R-HSA-975578
PATHWAY:869	R-HSA-5668599
PATHWAY:87	R-HSA-1483166
PATHWAY:870	R-HSA-9673324
PATHWAY:871	R-HSA-888590
PATHWAY:872	R-HSA-5654693
PATHWAY:873	R-HSA-5654700
PATHWAY:874	R-HSA-5654706
PATHWAY:875	R-HSA-5654712
PATHWAY:876	R-HSA-9028731
PATHWAY:877	R-HSA-9696273
PATHWAY:878	R-HSA-109704
PATHWAY:879	R-HSA-170968
PATHWAY:88	R-HSA-381038
PATHWAY:880	R-HSA-201556
PATHWAY:881	R-HSA-5654689
PATHWAY:882	R-HSA-5654695
PATHWAY:883	R-HSA-5654710
PATHWAY:884	R-HSA-5654720
PATHWAY:885	R-HSA-5654726
PATHWAY:886	R-HSA-5654727
PATHWAY:887	R-HSA-5654732
PATHWAY:888	R-HSA-5654733
PATHWAY:889	R-HSA-5655253
PATHWAY:89	R-HSA-8943724
PATHWAY:890	R-HSA-5655291
PATHWAY:891	R-HSA-5655302
PATHWAY:892	R-HSA-5655332
PATHWAY:893	R-HSA-8853659
PATHWAY:894	R-HSA-1660662
PATHWAY:895	R-HSA-70921
PATHWAY:896	R-HSA-193775
PATHWAY:897	R-HSA-174362
PATHWAY:898	R-HSA-427601
PATHWAY:899	R-HSA-561048
PATHWAY:9	R-HSA-381426
PATHWAY:90	R-HSA-162588
PATHWAY:900	R-HSA-71403
PATHWAY:901	R-HSA-1566977
PATHWAY:902	R-HSA-389397
PATHWAY:903	R-HSA-8873719
PATHWAY:904	R-HSA-2151209
PATHWAY:905	R-HSA-9615017
PATHWAY:906	R-HSA-5660668
PATHWAY:907	R-HSA-1592389
PATHWAY:908	R-HSA-2160916
PATHWAY:909	R-HSA-168315
PATHWAY:91	R-HSA-5210891
PATHWAY:910	R-HSA-77595
PATHWAY:911	R-HSA-381753
PATHWAY:912	R-HSA-964827
PATHWAY:913	R-HSA-6814848
PATHWAY:914	R-HSA-3214841
PATHWAY:915	R-HSA-975957
PATHWAY:916	R-HSA-196108
PATHWAY:917	R-HSA-1799339
PATHWAY:918	R-HSA-9609523
PATHWAY:919	R-HSA-977347
PATHWAY:92	R-HSA-5213460
PATHWAY:920	R-HSA-75105
PATHWAY:921	R-HSA-75035
PATHWAY:922	R-HSA-9735871
PATHWAY:923	R-HSA-112126
PATHWAY:924	R-HSA-446353
PATHWAY:925	R-HSA-352230
PATHWAY:926	R-HSA-5619108
PATHWAY:927	R-HSA-804914
PATHWAY:928	R-HSA-75876
PATHWAY:929	R-HSA-8854691
PATHWAY:93	R-HSA-5675482
PATHWAY:930	R-HSA-389661
PATHWAY:931	R-HSA-5601884
PATHWAY:932	R-HSA-168927
PATHWAY:933	R-HSA-1810476
PATHWAY:934	R-HSA-3295583
PATHWAY:935	R-HSA-9013957
PATHWAY:936	R-HSA-9686347
PATHWAY:937	R-HSA-9692913
PATHWAY:938	R-HSA-9615933
PATHWAY:939	R-HSA-5083627
PATHWAY:94	R-HSA-111446
PATHWAY:940	R-HSA-1839117
PATHWAY:941	R-HSA-1253288
PATHWAY:942	R-HSA-2022857
PATHWAY:943	R-HSA-3656225
PATHWAY:944	R-HSA-3656243
PATHWAY:945	R-HSA-3656244
PATHWAY:946	R-HSA-2534343
PATHWAY:947	R-HSA-193670
PATHWAY:948	R-HSA-5635838
PATHWAY:949	R-HSA-210991
PATHWAY:95	R-HSA-111453
PATHWAY:950	R-HSA-5619113
PATHWAY:951	R-HSA-5660883
PATHWAY:952	R-HSA-1236382
PATHWAY:953	R-HSA-5637810
PATHWAY:954	R-HSA-9634285
PATHWAY:955	R-HSA-9652282
PATHWAY:956	R-HSA-9665233
PATHWAY:957	R-HSA-9665244
PATHWAY:958	R-HSA-9665245
PATHWAY:959	R-HSA-9665246
PATHWAY:96	R-HSA-193648
PATHWAY:960	R-HSA-9665247
PATHWAY:961	R-HSA-9665249
PATHWAY:962	R-HSA-9665250
PATHWAY:963	R-HSA-9665251
PATHWAY:964	R-HSA-9665348
PATHWAY:965	R-HSA-9665737
PATHWAY:966	R-HSA-388844
PATHWAY:967	R-HSA-9007892
PATHWAY:968	R-HSA-1482922
PATHWAY:969	R-HSA-9636383
PATHWAY:97	R-HSA-6802952
PATHWAY:970	R-HSA-430039
PATHWAY:971	R-HSA-8853336
PATHWAY:972	R-HSA-1855167
PATHWAY:973	R-HSA-2393930
PATHWAY:974	R-HSA-201451
PATHWAY:975	R-HSA-162592
PATHWAY:976	R-HSA-164843
PATHWAY:977	R-HSA-175567
PATHWAY:978	R-HSA-177539
PATHWAY:979	R-HSA-180689
PATHWAY:98	R-HSA-8862803
PATHWAY:980	R-HSA-189085
PATHWAY:981	R-HSA-189200
PATHWAY:982	R-HSA-2408552
PATHWAY:983	R-HSA-201681
PATHWAY:984	R-HSA-3772470
PATHWAY:985	R-HSA-9754678
PATHWAY:986	R-HSA-112409
PATHWAY:987	R-HSA-5675221
PATHWAY:988	R-HSA-9652817
PATHWAY:989	R-HSA-156902
PATHWAY:99	R-HSA-8952158
PATHWAY:990	R-HSA-192823
PATHWAY:991	R-HSA-2408557
PATHWAY:992	R-HSA-72764
PATHWAY:993	R-HSA-975956
PATHWAY:994	R-HSA-1475029
PATHWAY:995	R-HSA-3247509
PATHWAY:996	R-HSA-391908
PATHWAY:997	R-HSA-4793950
PATHWAY:998	R-HSA-442660
PATHWAY:999	R-HSA-5619094
